tick_ms,sensor_id,sample_seq,valid,lsm_acc_x_mg,lsm_acc_y_mg,lsm_acc_z_mg,lsm_gyro_x_mdps,lsm_gyro_y_mdps,lsm_gyro_z_mdps,lsm_temp_c,h3_raw_x,h3_raw_y,h3_raw_z,h3_acc_x_mg,h3_acc_y_mg,h3_acc_z_mg,qma_raw_x,qma_raw_y,qma_raw_z,qma_acc_x_mg,qma_acc_y_mg,qma_acc_z_mg
16086,LSM6DSOX,1,1,173.4,-169.2,2100.7,560.0,0.0,0.0,71.7,,,,,,,,,,,,
16088,LSM6DSOX,2,1,172.6,-169.8,2100.5,770.0,0.0,-140.0,71.7,,,,,,,,,,,,
16090,LSM6DSOX,3,1,180.8,-166.9,2100.6,770.0,140.0,-280.0,71.7,,,,,,,,,,,,
16092,LSM6DSOX,4,1,179.7,-166.7,2097.9,700.0,140.0,-350.0,71.7,,,,,,,,,,,,
16094,LSM6DSOX,5,1,172.8,-168.4,2100.0,560.0,0.0,-210.0,71.7,,,,,,,,,,,,
16096,LSM6DSOX,6,1,173.4,-165.4,2097.5,560.0,140.0,-140.0,71.7,,,,,,,,,,,,
16098,LSM6DSOX,7,1,175.6,-168.2,2097.5,560.0,0.0,-140.0,71.8,,,,,,,,,,,,
16100,LSM6DSOX,8,1,181.4,-165.2,2097.9,630.0,0.0,-210.0,71.8,,,,,,,,,,,,
16102,LSM6DSOX,9,1,171.3,-168.7,2099.0,770.0,70.0,-140.0,71.8,,,,,,,,,,,,
16104,LSM6DSOX,10,1,173.4,-171.9,2097.4,840.0,70.0,-140.0,71.8,,,,,,,,,,,,
16106,LSM6DSOX,11,1,179.0,-167.8,2098.6,770.0,0.0,-280.0,71.8,,,,,,,,,,,,
16108,LSM6DSOX,12,1,183.2,-165.6,2099.9,700.0,140.0,-280.0,71.8,,,,,,,,,,,,
16110,LSM6DSOX,13,1,176.7,-166.7,2097.9,630.0,70.0,-210.0,71.8,,,,,,,,,,,,
16112,LSM6DSOX,14,1,174.0,-167.0,2099.4,840.0,70.0,-140.0,71.8,,,,,,,,,,,,
16114,LSM6DSOX,15,1,176.5,-166.4,2101.7,770.0,0.0,-140.0,71.8,,,,,,,,,,,,
16116,LSM6DSOX,16,1,181.8,-164.0,2101.7,770.0,210.0,-210.0,71.8,,,,,,,,,,,,
16118,LSM6DSOX,17,1,174.9,-167.1,2102.2,840.0,70.0,-140.0,71.7,,,,,,,,,,,,
16120,LSM6DSOX,18,1,174.8,-169.6,2102.3,700.0,70.0,-140.0,71.7,,,,,,,,,,,,
16122,LSM6DSOX,19,1,175.4,-173.1,2100.0,770.0,140.0,-140.0,71.7,,,,,,,,,,,,
16124,LSM6DSOX,20,1,183.5,-167.3,2103.4,840.0,140.0,-280.0,71.7,,,,,,,,,,,,
16126,LSM6DSOX,21,1,178.6,-166.0,2101.9,770.0,0.0,-210.0,71.7,,,,,,,,,,,,
16128,LSM6DSOX,22,1,173.5,-168.5,2101.9,630.0,-70.0,-140.0,71.7,,,,,,,,,,,,
16130,LSM6DSOX,23,1,174.0,-170.7,2099.0,840.0,0.0,-210.0,71.7,,,,,,,,,,,,
16132,LSM6DSOX,24,1,180.9,-166.8,2098.0,630.0,0.0,-210.0,71.7,,,,,,,,,,,,
16134,LSM6DSOX,25,1,178.6,-168.6,2096.8,700.0,140.0,-140.0,71.7,,,,,,,,,,,,
16136,LSM6DSOX,26,1,170.2,-165.6,2099.1,560.0,0.0,-140.0,71.8,,,,,,,,,,,,
16138,LSM6DSOX,27,1,173.7,-168.7,2097.7,770.0,70.0,-280.0,71.8,,,,,,,,,,,,
16140,LSM6DSOX,28,1,178.7,-169.9,2101.2,770.0,140.0,-140.0,71.8,,,,,,,,,,,,
16142,LSM6DSOX,29,1,179.1,-163.4,2099.3,700.0,140.0,-140.0,71.8,,,,,,,,,,,,
16144,LSM6DSOX,30,1,176.8,-163.7,2100.0,700.0,-70.0,-210.0,71.8,,,,,,,,,,,,
16146,LSM6DSOX,31,1,175.3,-171.7,2101.3,630.0,0.0,-210.0,71.8,,,,,,,,,,,,
16148,LSM6DSOX,32,1,179.5,-169.0,2098.3,770.0,70.0,-210.0,71.8,,,,,,,,,,,,
16150,LSM6DSOX,33,1,178.5,-166.8,2098.2,770.0,0.0,-280.0,71.8,,,,,,,,,,,,
16152,LSM6DSOX,34,1,176.7,-168.4,2098.8,630.0,70.0,-280.0,71.8,,,,,,,,,,,,
16154,LSM6DSOX,35,1,174.3,-168.4,2100.1,700.0,140.0,-210.0,71.8,,,,,,,,,,,,
16156,LSM6DSOX,36,1,176.5,-171.5,2099.3,630.0,0.0,-210.0,71.9,,,,,,,,,,,,
16158,LSM6DSOX,37,1,180.3,-165.8,2100.7,700.0,140.0,-210.0,71.9,,,,,,,,,,,,
16160,LSM6DSOX,38,1,176.8,-166.3,2103.3,630.0,70.0,-280.0,71.9,,,,,,,,,,,,
16162,LSM6DSOX,39,1,172.4,-167.6,2098.5,700.0,0.0,-280.0,71.9,,,,,,,,,,,,
16164,LSM6DSOX,40,1,175.7,-169.0,2098.3,840.0,-70.0,-210.0,71.9,,,,,,,,,,,,
16166,LSM6DSOX,41,1,179.6,-164.0,2098.4,770.0,140.0,-210.0,71.9,,,,,,,,,,,,
16168,LSM6DSOX,42,1,180.1,-165.7,2100.7,630.0,70.0,-210.0,71.9,,,,,,,,,,,,
16170,LSM6DSOX,43,1,171.5,-172.8,2100.0,840.0,0.0,-280.0,71.9,,,,,,,,,,,,
16172,LSM6DSOX,44,1,175.1,-170.6,2101.7,770.0,70.0,-210.0,71.9,,,,,,,,,,,,
16174,LSM6DSOX,45,1,178.4,-164.8,2099.4,840.0,140.0,-420.0,71.9,,,,,,,,,,,,
16176,LSM6DSOX,46,1,179.0,-164.5,2097.9,910.0,140.0,-280.0,71.8,,,,,,,,,,,,
16178,LSM6DSOX,47,1,170.9,-165.7,2100.6,770.0,70.0,-70.0,71.8,,,,,,,,,,,,
16180,LSM6DSOX,48,1,171.9,-170.6,2102.2,840.0,0.0,-210.0,71.8,,,,,,,,,,,,
16182,LSM6DSOX,49,1,183.1,-169.6,2101.8,770.0,70.0,-280.0,71.8,,,,,,,,,,,,
16184,LSM6DSOX,50,1,181.9,-166.2,2101.1,630.0,140.0,-140.0,71.8,,,,,,,,,,,,
16186,LSM6DSOX,51,1,172.5,-167.0,2100.7,840.0,140.0,-140.0,71.8,,,,,,,,,,,,
16188,LSM6DSOX,52,1,174.0,-167.9,2100.4,700.0,140.0,-210.0,71.8,,,,,,,,,,,,
16190,LSM6DSOX,53,1,177.6,-165.8,2101.1,630.0,70.0,-210.0,71.8,,,,,,,,,,,,
16192,LSM6DSOX,54,1,182.6,-165.2,2101.9,560.0,70.0,-140.0,71.8,,,,,,,,,,,,
16194,LSM6DSOX,55,1,175.1,-166.0,2103.0,840.0,0.0,-210.0,71.9,,,,,,,,,,,,
16196,LSM6DSOX,56,1,172.9,-166.0,2101.4,700.0,70.0,-140.0,71.9,,,,,,,,,,,,
16198,LSM6DSOX,57,1,174.0,-167.4,2099.4,700.0,0.0,-140.0,71.9,,,,,,,,,,,,
16200,LSM6DSOX,58,1,183.2,-166.4,2098.6,560.0,70.0,-210.0,71.9,,,,,,,,,,,,
16202,LSM6DSOX,59,1,178.5,-164.8,2100.4,770.0,0.0,-210.0,71.9,,,,,,,,,,,,
16204,LSM6DSOX,60,1,173.7,-169.8,2101.7,560.0,0.0,-140.0,71.9,,,,,,,,,,,,
16206,LSM6DSOX,61,1,176.5,-168.6,2099.0,560.0,70.0,-210.0,71.9,,,,,,,,,,,,
16208,LSM6DSOX,62,1,178.2,-167.4,2099.6,630.0,140.0,-210.0,71.9,,,,,,,,,,,,
16210,LSM6DSOX,63,1,175.2,-165.6,2101.2,700.0,0.0,-140.0,71.9,,,,,,,,,,,,
16212,LSM6DSOX,64,1,172.0,-166.3,2099.6,560.0,-70.0,-140.0,71.9,,,,,,,,,,,,
16214,LSM6DSOX,65,1,174.3,-169.1,2101.1,630.0,70.0,-280.0,71.8,,,,,,,,,,,,
16216,LSM6DSOX,66,1,179.9,-168.8,2096.0,840.0,0.0,-350.0,71.8,,,,,,,,,,,,
16218,LSM6DSOX,67,1,178.0,-164.1,2101.0,770.0,0.0,-280.0,71.8,,,,,,,,,,,,
16220,LSM6DSOX,68,1,175.7,-165.2,2098.9,700.0,70.0,-140.0,71.8,,,,,,,,,,,,
16222,LSM6DSOX,69,1,174.9,-173.0,2099.4,700.0,0.0,-140.0,71.8,,,,,,,,,,,,
16224,LSM6DSOX,70,1,179.2,-165.8,2100.7,840.0,210.0,-210.0,71.8,,,,,,,,,,,,
16226,LSM6DSOX,71,1,181.2,-165.6,2099.3,910.0,140.0,-210.0,71.8,,,,,,,,,,,,
16228,LSM6DSOX,72,1,175.6,-167.8,2098.5,770.0,70.0,-210.0,71.8,,,,,,,,,,,,
16230,LSM6DSOX,73,1,172.9,-171.0,2100.7,770.0,70.0,-210.0,71.8,,,,,,,,,,,,
16232,LSM6DSOX,74,1,175.6,-170.4,2100.4,770.0,140.0,-350.0,71.8,,,,,,,,,,,,
16234,LSM6DSOX,75,1,180.9,-164.2,2103.2,910.0,70.0,-420.0,71.7,,,,,,,,,,,,
16236,LSM6DSOX,76,1,173.6,-170.2,2098.6,770.0,210.0,-210.0,71.7,,,,,,,,,,,,
16238,LSM6DSOX,77,1,170.3,-171.4,2099.1,700.0,70.0,-70.0,71.7,,,,,,,,,,,,
16240,LSM6DSOX,78,1,179.2,-170.9,2102.8,630.0,210.0,-210.0,71.7,,,,,,,,,,,,
16242,LSM6DSOX,79,1,183.7,-165.3,2102.2,700.0,0.0,-350.0,71.7,,,,,,,,,,,,
16244,LSM6DSOX,80,1,176.7,-163.2,2101.4,770.0,-70.0,-350.0,71.7,,,,,,,,,,,,
16246,LSM6DSOX,81,1,171.3,-169.0,2101.7,420.0,-70.0,-140.0,71.7,,,,,,,,,,,,
16248,LSM6DSOX,82,1,176.2,-167.9,2099.7,630.0,70.0,-70.0,71.7,,,,,,,,,,,,
16250,LSM6DSOX,83,1,178.7,-166.5,2097.1,490.0,0.0,-280.0,71.7,,,,,,,,,,,,
16252,LSM6DSOX,84,1,174.7,-164.1,2102.4,630.0,-70.0,-140.0,71.7,,,,,,,,,,,,
16254,LSM6DSOX,85,1,173.5,-169.3,2099.7,630.0,-140.0,-210.0,71.7,,,,,,,,,,,,
16256,LSM6DSOX,86,1,171.7,-164.7,2098.3,700.0,70.0,-140.0,71.7,,,,,,,,,,,,
16258,LSM6DSOX,87,1,180.3,-167.9,2100.6,700.0,0.0,-210.0,71.7,,,,,,,,,,,,
16260,LSM6DSOX,88,1,182.1,-164.8,2097.8,700.0,70.0,-140.0,71.7,,,,,,,,,,,,
16262,LSM6DSOX,89,1,172.6,-167.9,2097.4,770.0,0.0,-140.0,71.7,,,,,,,,,,,,
16264,LSM6DSOX,90,1,174.7,-167.1,2097.2,770.0,0.0,-280.0,71.7,,,,,,,,,,,,
16266,LSM6DSOX,91,1,175.9,-164.9,2100.6,770.0,70.0,-280.0,71.7,,,,,,,,,,,,
16268,LSM6DSOX,92,1,178.4,-164.9,2101.6,770.0,140.0,-280.0,71.7,,,,,,,,,,,,
16270,LSM6DSOX,93,1,177.1,-167.8,2099.9,840.0,70.0,-280.0,71.7,,,,,,,,,,,,
16272,LSM6DSOX,94,1,173.1,-170.7,2100.1,700.0,70.0,-210.0,71.7,,,,,,,,,,,,
16274,LSM6DSOX,95,1,175.6,-169.5,2100.6,980.0,140.0,-350.0,71.7,,,,,,,,,,,,
16276,LSM6DSOX,96,1,178.9,-164.7,2102.3,840.0,70.0,-280.0,71.7,,,,,,,,,,,,
16278,LSM6DSOX,97,1,176.7,-165.9,2099.5,770.0,70.0,-210.0,71.7,,,,,,,,,,,,
16280,LSM6DSOX,98,1,171.4,-169.3,2103.2,840.0,140.0,-70.0,71.7,,,,,,,,,,,,
16282,LSM6DSOX,99,1,179.2,-165.1,2102.8,770.0,140.0,-210.0,71.7,,,,,,,,,,,,
16284,LSM6DSOX,100,1,179.2,-166.3,2103.6,770.0,70.0,-140.0,71.7,,,,,,,,,,,,
16286,LSM6DSOX,101,1,178.5,-165.8,2103.6,840.0,0.0,-140.0,71.7,,,,,,,,,,,,
16288,LSM6DSOX,102,1,174.7,-170.8,2100.2,560.0,-140.0,-140.0,71.7,,,,,,,,,,,,
16290,LSM6DSOX,103,1,175.7,-169.9,2100.2,630.0,0.0,-210.0,71.7,,,,,,,,,,,,
16292,LSM6DSOX,104,1,179.8,-168.0,2101.8,770.0,140.0,-350.0,71.8,,,,,,,,,,,,
16294,LSM6DSOX,105,1,176.9,-165.7,2100.8,630.0,0.0,-140.0,71.8,,,,,,,,,,,,
16296,LSM6DSOX,106,1,173.7,-167.9,2100.4,630.0,-70.0,-140.0,71.8,,,,,,,,,,,,
16298,LSM6DSOX,107,1,178.2,-168.2,2095.8,560.0,-70.0,-210.0,71.8,,,,,,,,,,,,
16300,LSM6DSOX,108,1,182.0,-168.0,2097.2,490.0,0.0,-350.0,71.8,,,,,,,,,,,,
16302,LSM6DSOX,109,1,178.4,-165.7,2100.1,560.0,0.0,-280.0,71.8,,,,,,,,,,,,
16304,LSM6DSOX,110,1,172.3,-166.0,2100.2,560.0,0.0,-140.0,71.8,,,,,,,,,,,,
16306,LSM6DSOX,111,1,172.0,-169.6,2099.6,770.0,140.0,-210.0,71.8,,,,,,,,,,,,
16308,LSM6DSOX,112,1,178.1,-168.8,2097.2,630.0,140.0,-140.0,71.8,,,,,,,,,,,,
16310,LSM6DSOX,113,1,180.6,-168.1,2099.0,770.0,0.0,-210.0,71.7,,,,,,,,,,,,
16312,LSM6DSOX,114,1,172.4,-162.7,2102.1,840.0,210.0,-210.0,71.7,,,,,,,,,,,,
16314,LSM6DSOX,115,1,173.6,-173.4,2099.9,630.0,140.0,-210.0,71.7,,,,,,,,,,,,
16316,LSM6DSOX,116,1,181.4,-168.1,2102.3,840.0,140.0,-280.0,71.7,,,,,,,,,,,,
16318,LSM6DSOX,117,1,179.0,-165.2,2102.1,840.0,280.0,-140.0,71.7,,,,,,,,,,,,
16320,LSM6DSOX,118,1,176.4,-167.5,2098.6,840.0,70.0,-280.0,71.7,,,,,,,,,,,,
16322,LSM6DSOX,119,1,174.0,-169.1,2100.6,770.0,140.0,-210.0,71.7,,,,,,,,,,,,
16324,LSM6DSOX,120,1,175.7,-169.8,2101.1,910.0,-70.0,-210.0,71.7,,,,,,,,,,,,
16326,LSM6DSOX,121,1,177.8,-166.2,2099.1,840.0,210.0,-210.0,71.7,,,,,,,,,,,,
16328,LSM6DSOX,122,1,176.0,-166.4,2100.1,770.0,0.0,-210.0,71.7,,,,,,,,,,,,
16330,LSM6DSOX,123,1,171.9,-168.4,2100.6,630.0,140.0,-140.0,71.7,,,,,,,,,,,,
16332,LSM6DSOX,124,1,173.4,-170.8,2101.4,770.0,70.0,-350.0,71.7,,,,,,,,,,,,
16334,LSM6DSOX,125,1,180.3,-165.9,2099.9,840.0,0.0,-280.0,71.7,,,,,,,,,,,,
16336,LSM6DSOX,126,1,180.2,-166.4,2100.7,770.0,0.0,-210.0,71.7,,,,,,,,,,,,
16338,LSM6DSOX,127,1,175.2,-169.1,2100.6,700.0,-70.0,-210.0,71.7,,,,,,,,,,,,
16340,LSM6DSOX,128,1,176.8,-169.5,2101.1,560.0,70.0,-70.0,71.7,,,,,,,,,,,,
16342,LSM6DSOX,129,1,176.4,-169.5,2101.3,700.0,70.0,-280.0,71.7,,,,,,,,,,,,
16344,LSM6DSOX,130,1,178.1,-163.8,2099.0,840.0,0.0,-280.0,71.7,,,,,,,,,,,,
16346,LSM6DSOX,131,1,174.2,-167.8,2096.1,700.0,0.0,-140.0,71.7,,,,,,,,,,,,
16348,LSM6DSOX,132,1,172.4,-168.8,2097.7,700.0,70.0,-140.0,71.7,,,,,,,,,,,,
16350,LSM6DSOX,133,1,177.6,-170.2,2099.9,840.0,70.0,-210.0,71.8,,,,,,,,,,,,
16352,LSM6DSOX,134,1,180.1,-165.4,2100.5,630.0,140.0,-280.0,71.8,,,,,,,,,,,,
16354,LSM6DSOX,135,1,175.3,-168.7,2102.8,700.0,70.0,-210.0,71.8,,,,,,,,,,,,
16356,LSM6DSOX,136,1,171.9,-170.8,2095.8,840.0,70.0,-140.0,71.8,,,,,,,,,,,,
16358,LSM6DSOX,137,1,176.9,-164.6,2097.4,700.0,140.0,-350.0,71.8,,,,,,,,,,,,
16360,LSM6DSOX,138,1,177.0,-164.7,2096.2,560.0,70.0,-210.0,71.8,,,,,,,,,,,,
16362,LSM6DSOX,139,1,173.4,-166.5,2097.7,700.0,0.0,-350.0,71.8,,,,,,,,,,,,
16364,LSM6DSOX,140,1,173.0,-164.9,2098.3,770.0,140.0,-70.0,71.8,,,,,,,,,,,,
16366,LSM6DSOX,141,1,173.5,-167.1,2101.2,770.0,0.0,-210.0,71.8,,,,,,,,,,,,
16368,LSM6DSOX,142,1,183.0,-166.7,2103.8,770.0,280.0,-280.0,71.8,,,,,,,,,,,,
16370,LSM6DSOX,143,1,176.2,-166.4,2100.0,770.0,0.0,-140.0,71.8,,,,,,,,,,,,
16372,LSM6DSOX,144,1,173.7,-170.8,2097.5,770.0,140.0,-140.0,71.8,,,,,,,,,,,,
16374,LSM6DSOX,145,1,175.1,-168.2,2100.4,840.0,70.0,-210.0,71.8,,,,,,,,,,,,
16376,LSM6DSOX,146,1,184.7,-164.6,2101.9,770.0,140.0,-210.0,71.8,,,,,,,,,,,,
16378,LSM6DSOX,147,1,179.9,-164.3,2100.0,770.0,140.0,-210.0,71.8,,,,,,,,,,,,
16380,LSM6DSOX,148,1,172.9,-170.9,2101.3,700.0,0.0,-210.0,71.8,,,,,,,,,,,,
16382,LSM6DSOX,149,1,175.9,-169.5,2100.7,700.0,0.0,-210.0,71.8,,,,,,,,,,,,
16384,LSM6DSOX,150,1,179.5,-169.8,2100.4,630.0,140.0,-280.0,71.8,,,,,,,,,,,,
16386,LSM6DSOX,151,1,179.2,-165.7,2099.7,770.0,0.0,-210.0,71.8,,,,,,,,,,,,
16388,LSM6DSOX,152,1,179.7,-166.9,2099.0,490.0,70.0,-140.0,71.8,,,,,,,,,,,,
16390,LSM6DSOX,153,1,175.3,-170.4,2098.2,700.0,-70.0,-210.0,71.8,,,,,,,,,,,,
16392,LSM6DSOX,154,1,178.9,-168.6,2099.0,630.0,70.0,-140.0,71.8,,,,,,,,,,,,
16394,LSM6DSOX,155,1,180.2,-167.5,2100.1,770.0,0.0,-210.0,71.8,,,,,,,,,,,,
16396,LSM6DSOX,156,1,174.1,-165.1,2100.4,770.0,140.0,-210.0,71.8,,,,,,,,,,,,
16398,LSM6DSOX,157,1,173.1,-169.3,2099.9,630.0,70.0,-140.0,71.8,,,,,,,,,,,,
16400,LSM6DSOX,158,1,176.3,-171.4,2100.0,630.0,140.0,-350.0,71.8,,,,,,,,,,,,
16402,LSM6DSOX,159,1,180.3,-165.9,2099.7,910.0,70.0,-280.0,71.8,,,,,,,,,,,,
16404,LSM6DSOX,160,1,176.0,-169.6,2101.9,700.0,70.0,-210.0,71.8,,,,,,,,,,,,
16406,LSM6DSOX,161,1,175.1,-168.7,2101.4,770.0,210.0,-210.0,71.8,,,,,,,,,,,,
16408,LSM6DSOX,162,1,178.9,-168.1,2101.9,910.0,140.0,-280.0,71.8,,,,,,,,,,,,
16410,LSM6DSOX,163,1,179.7,-164.8,2101.3,770.0,140.0,-210.0,71.8,,,,,,,,,,,,
16412,LSM6DSOX,164,1,178.9,-168.1,2101.4,840.0,70.0,-140.0,71.8,,,,,,,,,,,,
16414,LSM6DSOX,165,1,169.7,-169.7,2100.7,840.0,140.0,-70.0,71.8,,,,,,,,,,,,
16416,LSM6DSOX,166,1,179.2,-166.3,2099.9,840.0,-70.0,-140.0,71.8,,,,,,,,,,,,
16418,LSM6DSOX,167,1,179.2,-166.3,2100.7,840.0,140.0,-140.0,71.8,,,,,,,,,,,,
16420,LSM6DSOX,168,1,179.6,-168.5,2101.4,700.0,0.0,-280.0,71.8,,,,,,,,,,,,
16422,LSM6DSOX,169,1,174.7,-167.6,2099.5,630.0,-70.0,-210.0,71.8,,,,,,,,,,,,
16424,LSM6DSOX,170,1,175.4,-169.2,2102.4,770.0,0.0,-210.0,71.8,,,,,,,,,,,,
16426,LSM6DSOX,171,1,177.6,-169.8,2103.5,700.0,140.0,-210.0,71.7,,,,,,,,,,,,
16428,LSM6DSOX,172,1,176.7,-166.5,2096.9,700.0,0.0,-70.0,71.7,,,,,,,,,,,,
16430,LSM6DSOX,173,1,175.6,-165.4,2099.4,700.0,0.0,-140.0,71.7,,,,,,,,,,,,
16432,LSM6DSOX,174,1,170.3,-165.7,2103.2,770.0,-70.0,-210.0,71.7,,,,,,,,,,,,
16434,LSM6DSOX,175,1,179.1,-166.4,2100.4,700.0,70.0,-280.0,71.7,,,,,,,,,,,,
16436,LSM6DSOX,176,1,179.9,-168.4,2099.1,700.0,70.0,-210.0,71.7,,,,,,,,,,,,
16438,LSM6DSOX,177,1,174.6,-171.4,2103.5,770.0,0.0,-140.0,71.7,,,,,,,,,,,,
16440,LSM6DSOX,178,1,176.3,-168.6,2100.2,630.0,-70.0,-280.0,71.7,,,,,,,,,,,,
16442,LSM6DSOX,179,1,176.3,-166.5,2100.5,700.0,70.0,-210.0,71.7,,,,,,,,,,,,
16444,LSM6DSOX,180,1,178.7,-166.7,2099.4,560.0,140.0,-140.0,71.7,,,,,,,,,,,,
16446,LSM6DSOX,181,1,173.6,-166.9,2099.3,630.0,0.0,-280.0,71.9,,,,,,,,,,,,
16448,LSM6DSOX,182,1,173.7,-172.1,2100.0,700.0,0.0,-210.0,71.9,,,,,,,,,,,,
16450,LSM6DSOX,183,1,175.7,-169.2,2100.2,630.0,70.0,-280.0,71.9,,,,,,,,,,,,
16452,LSM6DSOX,184,1,178.9,-166.5,2102.5,700.0,140.0,-210.0,71.9,,,,,,,,,,,,
16454,LSM6DSOX,185,1,176.5,-167.5,2100.5,630.0,0.0,-210.0,71.9,,,,,,,,,,,,
16456,LSM6DSOX,186,1,176.9,-168.0,2100.5,770.0,-70.0,-210.0,71.9,,,,,,,,,,,,
16458,LSM6DSOX,187,1,173.7,-171.2,2099.6,700.0,70.0,-280.0,71.9,,,,,,,,,,,,
16460,LSM6DSOX,188,1,179.8,-167.5,2098.2,700.0,-70.0,-140.0,71.9,,,,,,,,,,,,
16462,LSM6DSOX,189,1,177.4,-163.8,2097.9,770.0,-70.0,-140.0,71.9,,,,,,,,,,,,
16464,LSM6DSOX,190,1,179.3,-164.5,2100.6,910.0,70.0,-210.0,71.9,,,,,,,,,,,,
16466,LSM6DSOX,191,1,174.8,-169.5,2096.8,840.0,210.0,-280.0,71.8,,,,,,,,,,,,
16468,LSM6DSOX,192,1,177.8,-167.6,2097.8,840.0,140.0,-210.0,71.8,,,,,,,,,,,,
16470,LSM6DSOX,193,1,177.1,-164.9,2101.7,700.0,140.0,-280.0,71.8,,,,,,,,,,,,
16472,LSM6DSOX,194,1,175.6,-168.7,2099.0,770.0,0.0,-70.0,71.8,,,,,,,,,,,,
16474,LSM6DSOX,195,1,174.6,-165.8,2099.5,770.0,0.0,-140.0,71.8,,,,,,,,,,,,
16476,LSM6DSOX,196,1,174.5,-166.3,2100.4,770.0,140.0,-280.0,71.8,,,,,,,,,,,,
16478,LSM6DSOX,197,1,179.7,-169.0,2099.5,630.0,70.0,-280.0,71.8,,,,,,,,,,,,
16480,LSM6DSOX,198,1,175.2,-169.2,2102.5,630.0,-140.0,-140.0,71.8,,,,,,,,,,,,
16482,LSM6DSOX,199,1,172.1,-170.7,2101.3,700.0,70.0,-280.0,71.8,,,,,,,,,,,,
16484,LSM6DSOX,200,1,182.5,-168.7,2100.4,560.0,-70.0,-210.0,71.7,,,,,,,,,,,,
16486,LSM6DSOX,201,1,180.2,-167.6,2100.1,630.0,70.0,-210.0,71.7,,,,,,,,,,,,
16488,LSM6DSOX,202,1,175.2,-165.2,2100.2,630.0,70.0,-140.0,71.7,,,,,,,,,,,,
16490,LSM6DSOX,203,1,174.9,-169.5,2099.6,630.0,70.0,-140.0,71.7,,,,,,,,,,,,
16492,LSM6DSOX,204,1,175.4,-168.6,2098.9,630.0,70.0,-210.0,71.7,,,,,,,,,,,,
16494,LSM6DSOX,205,1,177.9,-170.3,2099.5,630.0,70.0,-210.0,71.7,,,,,,,,,,,,
16496,LSM6DSOX,206,1,178.1,-165.1,2098.3,630.0,70.0,-280.0,71.7,,,,,,,,,,,,
16498,LSM6DSOX,207,1,171.9,-169.9,2097.5,700.0,-70.0,-140.0,71.7,,,,,,,,,,,,
16500,LSM6DSOX,208,1,173.4,-172.5,2101.0,770.0,0.0,-210.0,71.7,,,,,,,,,,,,
16502,LSM6DSOX,209,1,182.4,-166.9,2097.2,630.0,70.0,-280.0,71.7,,,,,,,,,,,,
16504,LSM6DSOX,210,1,176.3,-165.9,2100.5,700.0,70.0,-140.0,71.8,,,,,,,,,,,,
16506,LSM6DSOX,211,1,171.8,-167.4,2101.0,770.0,70.0,-70.0,71.8,,,,,,,,,,,,
16508,LSM6DSOX,212,1,175.4,-171.3,2099.1,840.0,140.0,-350.0,71.8,,,,,,,,,,,,
16510,LSM6DSOX,213,1,180.7,-166.5,2099.6,840.0,70.0,-280.0,71.8,,,,,,,,,,,,
16512,LSM6DSOX,214,1,182.3,-168.0,2098.8,630.0,0.0,-280.0,71.8,,,,,,,,,,,,
16514,LSM6DSOX,215,1,172.4,-165.2,2099.5,840.0,140.0,-140.0,71.8,,,,,,,,,,,,
16516,LSM6DSOX,216,1,174.3,-169.2,2100.6,910.0,70.0,-280.0,71.8,,,,,,,,,,,,
16518,LSM6DSOX,217,1,177.9,-168.6,2100.8,770.0,210.0,-280.0,71.8,,,,,,,,,,,,
16520,LSM6DSOX,218,1,181.0,-167.0,2101.4,840.0,70.0,-280.0,71.8,,,,,,,,,,,,
16522,LSM6DSOX,219,1,172.5,-166.8,2101.3,840.0,140.0,-210.0,71.7,,,,,,,,,,,,
16524,LSM6DSOX,220,1,175.2,-172.1,2099.4,770.0,0.0,-140.0,71.7,,,,,,,,,,,,
16526,LSM6DSOX,221,1,177.5,-169.1,2100.8,560.0,-70.0,-210.0,71.7,,,,,,,,,,,,
16528,LSM6DSOX,222,1,179.5,-163.7,2102.4,630.0,210.0,-70.0,71.7,,,,,,,,,,,,
16530,LSM6DSOX,223,1,175.9,-166.5,2099.5,700.0,140.0,-70.0,71.7,,,,,,,,,,,,
16532,LSM6DSOX,224,1,174.3,-169.7,2100.8,630.0,70.0,-140.0,71.7,,,,,,,,,,,,
16534,LSM6DSOX,225,1,173.1,-168.7,2097.3,700.0,0.0,-280.0,71.7,,,,,,,,,,,,
16536,LSM6DSOX,226,1,175.3,-167.9,2098.5,630.0,210.0,-350.0,71.7,,,,,,,,,,,,
16538,LSM6DSOX,227,1,177.3,-163.5,2102.4,700.0,0.0,-210.0,71.7,,,,,,,,,,,,
16540,LSM6DSOX,228,1,175.4,-168.4,2103.0,630.0,0.0,-210.0,71.7,,,,,,,,,,,,
16542,LSM6DSOX,229,1,175.3,-169.5,2098.8,560.0,0.0,-210.0,71.8,,,,,,,,,,,,
16544,LSM6DSOX,230,1,180.1,-166.7,2100.5,630.0,70.0,-210.0,71.8,,,,,,,,,,,,
16546,LSM6DSOX,231,1,181.0,-168.1,2097.8,630.0,70.0,-210.0,71.8,,,,,,,,,,,,
16548,LSM6DSOX,232,1,173.5,-167.4,2098.4,630.0,0.0,-210.0,71.8,,,,,,,,,,,,
16550,LSM6DSOX,233,1,175.9,-169.0,2098.8,770.0,70.0,-210.0,71.8,,,,,,,,,,,,
16552,LSM6DSOX,234,1,178.0,-169.2,2098.0,840.0,0.0,-280.0,71.8,,,,,,,,,,,,
16554,LSM6DSOX,235,1,181.8,-165.9,2099.4,700.0,0.0,-210.0,71.8,,,,,,,,,,,,
16556,LSM6DSOX,236,1,171.4,-167.0,2099.4,840.0,140.0,-140.0,71.8,,,,,,,,,,,,
16558,LSM6DSOX,237,1,171.7,-171.8,2099.5,840.0,70.0,-210.0,71.8,,,,,,,,,,,,
16560,LSM6DSOX,238,1,174.1,-168.1,2100.1,840.0,280.0,-350.0,71.8,,,,,,,,,,,,
16562,LSM6DSOX,239,1,177.5,-166.7,2100.0,770.0,140.0,-140.0,71.7,,,,,,,,,,,,
16564,LSM6DSOX,240,1,175.1,-167.4,2102.5,840.0,70.0,-210.0,71.7,,,,,,,,,,,,
16566,LSM6DSOX,241,1,172.0,-167.1,2101.3,770.0,0.0,-140.0,71.7,,,,,,,,,,,,
16568,LSM6DSOX,242,1,181.0,-167.1,2100.7,840.0,140.0,-210.0,71.7,,,,,,,,,,,,
16570,LSM6DSOX,243,1,180.6,-168.1,2102.7,630.0,210.0,-140.0,71.7,,,,,,,,,,,,
16572,LSM6DSOX,244,1,176.8,-167.0,2101.7,700.0,0.0,-140.0,71.7,,,,,,,,,,,,
16574,LSM6DSOX,245,1,175.4,-171.3,2100.2,770.0,280.0,-280.0,71.7,,,,,,,,,,,,
16576,LSM6DSOX,246,1,175.7,-170.9,2100.5,840.0,70.0,-210.0,71.7,,,,,,,,,,,,
16578,LSM6DSOX,247,1,181.0,-164.3,2103.3,700.0,70.0,-280.0,71.7,,,,,,,,,,,,
16580,LSM6DSOX,248,1,173.2,-164.9,2099.4,630.0,0.0,-140.0,71.8,,,,,,,,,,,,
16582,LSM6DSOX,249,1,175.1,-169.5,2100.2,630.0,0.0,-140.0,71.8,,,,,,,,,,,,
16584,LSM6DSOX,250,1,175.1,-167.5,2099.9,770.0,70.0,-350.0,71.8,,,,,,,,,,,,
16586,LSM6DSOX,251,1,179.8,-168.2,2096.9,630.0,0.0,-280.0,71.8,,,,,,,,,,,,
16588,LSM6DSOX,252,1,177.6,-168.5,2098.3,560.0,0.0,-140.0,71.8,,,,,,,,,,,,
16590,LSM6DSOX,253,1,176.2,-167.9,2096.7,700.0,-70.0,-70.0,71.8,,,,,,,,,,,,
16592,LSM6DSOX,254,1,175.2,-169.7,2098.2,630.0,0.0,-210.0,71.8,,,,,,,,,,,,
16594,LSM6DSOX,255,1,178.6,-168.5,2100.1,840.0,70.0,-350.0,71.8,,,,,,,,,,,,
16596,LSM6DSOX,256,1,182.1,-170.2,2098.3,630.0,-70.0,-140.0,71.8,,,,,,,,,,,,
16093,H3LIS100DL,1,1,,,,,,,,0,-16,-1,0.0,-12480.0,-780.0,,,,,,
16095,H3LIS100DL,2,1,,,,,,,,-1,64,0,-780.0,49920.0,0.0,,,,,,
16097,H3LIS100DL,3,1,,,,,,,,-1,64,0,-780.0,49920.0,0.0,,,,,,
16099,H3LIS100DL,4,1,,,,,,,,0,112,0,0.0,87360.0,0.0,,,,,,
16101,H3LIS100DL,5,1,,,,,,,,0,0,0,0.0,0.0,0.0,,,,,,
16103,H3LIS100DL,6,1,,,,,,,,-1,64,0,-780.0,49920.0,0.0,,,,,,
16105,H3LIS100DL,7,1,,,,,,,,0,-48,-1,0.0,-37440.0,-780.0,,,,,,
16107,H3LIS100DL,8,1,,,,,,,,0,-96,0,0.0,-74880.0,0.0,,,,,,
16109,H3LIS100DL,9,1,,,,,,,,0,-96,0,0.0,-74880.0,0.0,,,,,,
16111,H3LIS100DL,10,1,,,,,,,,0,80,0,0.0,62400.0,0.0,,,,,,
16113,H3LIS100DL,11,1,,,,,,,,0,80,0,0.0,62400.0,0.0,,,,,,
16115,H3LIS100DL,12,1,,,,,,,,-1,64,0,-780.0,49920.0,0.0,,,,,,
16117,H3LIS100DL,13,1,,,,,,,,0,-16,-1,0.0,-12480.0,-780.0,,,,,,
16119,H3LIS100DL,14,1,,,,,,,,0,80,0,0.0,62400.0,0.0,,,,,,
16121,H3LIS100DL,15,1,,,,,,,,-1,80,0,-780.0,62400.0,0.0,,,,,,
16123,H3LIS100DL,16,1,,,,,,,,-1,-96,-1,-780.0,-74880.0,-780.0,,,,,,
16125,H3LIS100DL,17,1,,,,,,,,0,32,0,0.0,24960.0,0.0,,,,,,
16127,H3LIS100DL,18,1,,,,,,,,0,32,0,0.0,24960.0,0.0,,,,,,
16129,H3LIS100DL,19,1,,,,,,,,-1,0,0,-780.0,0.0,0.0,,,,,,
16131,H3LIS100DL,20,1,,,,,,,,-1,64,0,-780.0,49920.0,0.0,,,,,,
16133,H3LIS100DL,21,1,,,,,,,,-1,64,0,-780.0,49920.0,0.0,,,,,,
16135,H3LIS100DL,22,1,,,,,,,,-1,16,0,-780.0,12480.0,0.0,,,,,,
16137,H3LIS100DL,23,1,,,,,,,,0,64,0,0.0,49920.0,0.0,,,,,,
16139,H3LIS100DL,24,1,,,,,,,,0,80,0,0.0,62400.0,0.0,,,,,,
16141,H3LIS100DL,25,1,,,,,,,,0,48,0,0.0,37440.0,0.0,,,,,,
16143,H3LIS100DL,26,1,,,,,,,,0,48,0,0.0,37440.0,0.0,,,,,,
16145,H3LIS100DL,27,1,,,,,,,,0,-32,-1,0.0,-24960.0,-780.0,,,,,,
16147,H3LIS100DL,28,1,,,,,,,,0,64,0,0.0,49920.0,0.0,,,,,,
16149,H3LIS100DL,29,1,,,,,,,,0,80,0,0.0,62400.0,0.0,,,,,,
16151,H3LIS100DL,30,1,,,,,,,,0,32,0,0.0,24960.0,0.0,,,,,,
16153,H3LIS100DL,31,1,,,,,,,,0,-16,-1,0.0,-12480.0,-780.0,,,,,,
16155,H3LIS100DL,32,1,,,,,,,,0,-16,-1,0.0,-12480.0,-780.0,,,,,,
16157,H3LIS100DL,33,1,,,,,,,,0,32,0,0.0,24960.0,0.0,,,,,,
16159,H3LIS100DL,34,1,,,,,,,,0,80,0,0.0,62400.0,0.0,,,,,,
16161,H3LIS100DL,35,1,,,,,,,,0,112,0,0.0,87360.0,0.0,,,,,,
16163,H3LIS100DL,36,1,,,,,,,,0,48,0,0.0,37440.0,0.0,,,,,,
16165,H3LIS100DL,37,1,,,,,,,,-1,96,0,-780.0,74880.0,0.0,,,,,,
16167,H3LIS100DL,38,1,,,,,,,,-1,96,0,-780.0,74880.0,0.0,,,,,,
16169,H3LIS100DL,39,1,,,,,,,,-1,-48,-1,-780.0,-37440.0,-780.0,,,,,,
16171,H3LIS100DL,40,1,,,,,,,,0,-32,-1,0.0,-24960.0,-780.0,,,,,,
16173,H3LIS100DL,41,1,,,,,,,,-1,96,0,-780.0,74880.0,0.0,,,,,,
16175,H3LIS100DL,42,1,,,,,,,,0,-96,0,0.0,-74880.0,0.0,,,,,,
16177,H3LIS100DL,43,1,,,,,,,,-1,-96,0,-780.0,-74880.0,0.0,,,,,,
16179,H3LIS100DL,44,1,,,,,,,,-1,96,0,-780.0,74880.0,0.0,,,,,,
16181,H3LIS100DL,45,1,,,,,,,,-1,48,0,-780.0,37440.0,0.0,,,,,,
16183,H3LIS100DL,46,1,,,,,,,,0,64,0,0.0,49920.0,0.0,,,,,,
16185,H3LIS100DL,47,1,,,,,,,,0,96,0,0.0,74880.0,0.0,,,,,,
16187,H3LIS100DL,48,1,,,,,,,,0,32,0,0.0,24960.0,0.0,,,,,,
16189,H3LIS100DL,49,1,,,,,,,,0,32,0,0.0,24960.0,0.0,,,,,,
16191,H3LIS100DL,50,1,,,,,,,,0,80,0,0.0,62400.0,0.0,,,,,,
16193,H3LIS100DL,51,1,,,,,,,,0,112,0,0.0,87360.0,0.0,,,,,,
16195,H3LIS100DL,52,1,,,,,,,,0,0,0,0.0,0.0,0.0,,,,,,
16197,H3LIS100DL,53,1,,,,,,,,-1,-16,-1,-780.0,-12480.0,-780.0,,,,,,
16199,H3LIS100DL,54,1,,,,,,,,0,64,0,0.0,49920.0,0.0,,,,,,
16201,H3LIS100DL,55,1,,,,,,,,0,64,0,0.0,49920.0,0.0,,,,,,
16203,H3LIS100DL,56,1,,,,,,,,0,-64,-1,0.0,-49920.0,-780.0,,,,,,
16205,H3LIS100DL,57,1,,,,,,,,0,96,0,0.0,74880.0,0.0,,,,,,
16207,H3LIS100DL,58,1,,,,,,,,-1,16,0,-780.0,12480.0,0.0,,,,,,
16209,H3LIS100DL,59,1,,,,,,,,0,-128,0,0.0,-99840.0,0.0,,,,,,
16211,H3LIS100DL,60,1,,,,,,,,-1,-128,0,-780.0,-99840.0,0.0,,,,,,
16213,H3LIS100DL,61,1,,,,,,,,0,64,0,0.0,49920.0,0.0,,,,,,
16215,H3LIS100DL,62,1,,,,,,,,0,112,0,0.0,87360.0,0.0,,,,,,
16217,H3LIS100DL,63,1,,,,,,,,-1,64,0,-780.0,49920.0,0.0,,,,,,
16219,H3LIS100DL,64,1,,,,,,,,-1,16,0,-780.0,12480.0,0.0,,,,,,
16221,H3LIS100DL,65,1,,,,,,,,0,112,0,0.0,87360.0,0.0,,,,,,
16223,H3LIS100DL,66,1,,,,,,,,-1,112,0,-780.0,87360.0,0.0,,,,,,
16225,H3LIS100DL,67,1,,,,,,,,0,16,0,0.0,12480.0,0.0,,,,,,
16227,H3LIS100DL,68,1,,,,,,,,0,64,0,0.0,49920.0,0.0,,,,,,
16229,H3LIS100DL,69,1,,,,,,,,-1,32,0,-780.0,24960.0,0.0,,,,,,
16231,H3LIS100DL,70,1,,,,,,,,0,64,0,0.0,49920.0,0.0,,,,,,
16233,H3LIS100DL,71,1,,,,,,,,0,32,0,0.0,24960.0,0.0,,,,,,
16235,H3LIS100DL,72,1,,,,,,,,0,32,0,0.0,24960.0,0.0,,,,,,
16237,H3LIS100DL,73,1,,,,,,,,0,-112,0,0.0,-87360.0,0.0,,,,,,
16239,H3LIS100DL,74,1,,,,,,,,0,-112,0,0.0,-87360.0,0.0,,,,,,
16241,H3LIS100DL,75,1,,,,,,,,0,-128,0,0.0,-99840.0,0.0,,,,,,
16243,H3LIS100DL,76,1,,,,,,,,-1,16,0,-780.0,12480.0,0.0,,,,,,
16245,H3LIS100DL,77,1,,,,,,,,0,-96,0,0.0,-74880.0,0.0,,,,,,
16247,H3LIS100DL,78,1,,,,,,,,-1,-96,0,-780.0,-74880.0,0.0,,,,,,
16249,H3LIS100DL,79,1,,,,,,,,-1,48,0,-780.0,37440.0,0.0,,,,,,
16251,H3LIS100DL,80,1,,,,,,,,-1,64,0,-780.0,49920.0,0.0,,,,,,
16253,H3LIS100DL,81,1,,,,,,,,-1,-48,-1,-780.0,-37440.0,-780.0,,,,,,
16255,H3LIS100DL,82,1,,,,,,,,0,-16,-1,0.0,-12480.0,-780.0,,,,,,
16257,H3LIS100DL,83,1,,,,,,,,0,-16,-1,0.0,-12480.0,-780.0,,,,,,
16259,H3LIS100DL,84,1,,,,,,,,0,32,0,0.0,24960.0,0.0,,,,,,
16261,H3LIS100DL,85,1,,,,,,,,0,-128,0,0.0,-99840.0,0.0,,,,,,
16263,H3LIS100DL,86,1,,,,,,,,0,48,0,0.0,37440.0,0.0,,,,,,
16265,H3LIS100DL,87,1,,,,,,,,0,80,-1,0.0,62400.0,-780.0,,,,,,
16267,H3LIS100DL,88,1,,,,,,,,0,32,0,0.0,24960.0,0.0,,,,,,
16269,H3LIS100DL,89,1,,,,,,,,0,32,0,0.0,24960.0,0.0,,,,,,
16271,H3LIS100DL,90,1,,,,,,,,0,48,0,0.0,37440.0,0.0,,,,,,
16273,H3LIS100DL,91,1,,,,,,,,0,64,0,0.0,49920.0,0.0,,,,,,
16275,H3LIS100DL,92,1,,,,,,,,0,-96,0,0.0,-74880.0,0.0,,,,,,
16277,H3LIS100DL,93,1,,,,,,,,-1,-16,-1,-780.0,-12480.0,-780.0,,,,,,
16279,H3LIS100DL,94,1,,,,,,,,0,64,0,0.0,49920.0,0.0,,,,,,
16281,H3LIS100DL,95,1,,,,,,,,-1,64,0,-780.0,49920.0,0.0,,,,,,
16283,H3LIS100DL,96,1,,,,,,,,-1,32,0,-780.0,24960.0,0.0,,,,,,
16285,H3LIS100DL,97,1,,,,,,,,-1,-16,-1,-780.0,-12480.0,-780.0,,,,,,
16287,H3LIS100DL,98,1,,,,,,,,-1,64,0,-780.0,49920.0,0.0,,,,,,
16289,H3LIS100DL,99,1,,,,,,,,-1,80,0,-780.0,62400.0,0.0,,,,,,
16291,H3LIS100DL,100,1,,,,,,,,0,80,0,0.0,62400.0,0.0,,,,,,
16293,H3LIS100DL,101,1,,,,,,,,-1,64,0,-780.0,49920.0,0.0,,,,,,
16295,H3LIS100DL,102,1,,,,,,,,-1,-64,0,-780.0,-49920.0,0.0,,,,,,
16297,H3LIS100DL,103,1,,,,,,,,0,48,0,0.0,37440.0,0.0,,,,,,
16299,H3LIS100DL,104,1,,,,,,,,-1,-16,-1,-780.0,-12480.0,-780.0,,,,,,
16301,H3LIS100DL,105,1,,,,,,,,0,-128,0,0.0,-99840.0,0.0,,,,,,
16303,H3LIS100DL,106,1,,,,,,,,0,-128,0,0.0,-99840.0,0.0,,,,,,
16305,H3LIS100DL,107,1,,,,,,,,0,-96,0,0.0,-74880.0,0.0,,,,,,
16307,H3LIS100DL,108,1,,,,,,,,0,32,0,0.0,24960.0,0.0,,,,,,
16309,H3LIS100DL,109,1,,,,,,,,-1,-96,0,-780.0,-74880.0,0.0,,,,,,
16311,H3LIS100DL,110,1,,,,,,,,0,64,0,0.0,49920.0,0.0,,,,,,
16313,H3LIS100DL,111,1,,,,,,,,0,32,0,0.0,24960.0,0.0,,,,,,
16315,H3LIS100DL,112,1,,,,,,,,0,32,0,0.0,24960.0,0.0,,,,,,
16317,H3LIS100DL,113,1,,,,,,,,0,-64,0,0.0,-49920.0,0.0,,,,,,
16319,H3LIS100DL,114,1,,,,,,,,-1,80,0,-780.0,62400.0,0.0,,,,,,
16321,H3LIS100DL,115,1,,,,,,,,-1,96,0,-780.0,74880.0,0.0,,,,,,
16323,H3LIS100DL,116,1,,,,,,,,-1,-96,0,-780.0,-74880.0,0.0,,,,,,
16325,H3LIS100DL,117,1,,,,,,,,0,-96,0,0.0,-74880.0,0.0,,,,,,
16327,H3LIS100DL,118,1,,,,,,,,0,64,0,0.0,49920.0,0.0,,,,,,
16329,H3LIS100DL,119,1,,,,,,,,0,-32,-1,0.0,-24960.0,-780.0,,,,,,
16331,H3LIS100DL,120,1,,,,,,,,-1,-16,-1,-780.0,-12480.0,-780.0,,,,,,
16333,H3LIS100DL,121,1,,,,,,,,-1,-32,-1,-780.0,-24960.0,-780.0,,,,,,
16335,H3LIS100DL,122,1,,,,,,,,-1,64,0,-780.0,49920.0,0.0,,,,,,
16337,H3LIS100DL,123,1,,,,,,,,0,64,0,0.0,49920.0,0.0,,,,,,
16339,H3LIS100DL,124,1,,,,,,,,-1,80,0,-780.0,62400.0,0.0,,,,,,
16341,H3LIS100DL,125,1,,,,,,,,-1,96,0,-780.0,74880.0,0.0,,,,,,
16343,H3LIS100DL,126,1,,,,,,,,0,-64,-1,0.0,-49920.0,-780.0,,,,,,
16345,H3LIS100DL,127,1,,,,,,,,-1,-128,0,-780.0,-99840.0,0.0,,,,,,
16347,H3LIS100DL,128,1,,,,,,,,0,96,0,0.0,74880.0,0.0,,,,,,
16349,H3LIS100DL,129,1,,,,,,,,0,96,0,0.0,74880.0,0.0,,,,,,
16351,H3LIS100DL,130,1,,,,,,,,0,48,0,0.0,37440.0,0.0,,,,,,
16353,H3LIS100DL,131,1,,,,,,,,-1,16,0,-780.0,12480.0,0.0,,,,,,
16355,H3LIS100DL,132,1,,,,,,,,0,16,0,0.0,12480.0,0.0,,,,,,
16357,H3LIS100DL,133,1,,,,,,,,0,32,0,0.0,24960.0,0.0,,,,,,
16359,H3LIS100DL,134,1,,,,,,,,0,-16,-1,0.0,-12480.0,-780.0,,,,,,
16361,H3LIS100DL,135,1,,,,,,,,-1,-16,-1,-780.0,-12480.0,-780.0,,,,,,
16363,H3LIS100DL,136,1,,,,,,,,-1,32,0,-780.0,24960.0,0.0,,,,,,
16365,H3LIS100DL,137,1,,,,,,,,0,64,0,0.0,49920.0,0.0,,,,,,
16367,H3LIS100DL,138,1,,,,,,,,0,96,0,0.0,74880.0,0.0,,,,,,
16369,H3LIS100DL,139,1,,,,,,,,-1,32,0,-780.0,24960.0,0.0,,,,,,
16371,H3LIS100DL,140,1,,,,,,,,0,32,0,0.0,24960.0,0.0,,,,,,
16373,H3LIS100DL,141,1,,,,,,,,-1,64,0,-780.0,49920.0,0.0,,,,,,
16375,H3LIS100DL,142,1,,,,,,,,-1,-32,-1,-780.0,-24960.0,-780.0,,,,,,
16377,H3LIS100DL,143,1,,,,,,,,0,80,0,0.0,62400.0,0.0,,,,,,
16379,H3LIS100DL,144,1,,,,,,,,-1,0,0,-780.0,0.0,0.0,,,,,,
16381,H3LIS100DL,145,1,,,,,,,,0,16,0,0.0,12480.0,0.0,,,,,,
16383,H3LIS100DL,146,1,,,,,,,,0,16,0,0.0,12480.0,0.0,,,,,,
16385,H3LIS100DL,147,1,,,,,,,,0,0,0,0.0,0.0,0.0,,,,,,
16387,H3LIS100DL,148,1,,,,,,,,0,16,0,0.0,12480.0,0.0,,,,,,
16389,H3LIS100DL,149,1,,,,,,,,0,80,0,0.0,62400.0,0.0,,,,,,
16391,H3LIS100DL,150,1,,,,,,,,-1,-128,0,-780.0,-99840.0,0.0,,,,,,
16393,H3LIS100DL,151,1,,,,,,,,0,-48,-1,0.0,-37440.0,-780.0,,,,,,
16395,H3LIS100DL,152,1,,,,,,,,0,-48,-1,0.0,-37440.0,-780.0,,,,,,
16397,H3LIS100DL,153,1,,,,,,,,0,32,0,0.0,24960.0,0.0,,,,,,
16399,H3LIS100DL,154,1,,,,,,,,0,-128,0,0.0,-99840.0,0.0,,,,,,
16401,H3LIS100DL,155,1,,,,,,,,0,32,0,0.0,24960.0,0.0,,,,,,
16403,H3LIS100DL,156,1,,,,,,,,0,-128,0,0.0,-99840.0,0.0,,,,,,
16405,H3LIS100DL,157,1,,,,,,,,0,-128,0,0.0,-99840.0,0.0,,,,,,
16407,H3LIS100DL,158,1,,,,,,,,0,80,0,0.0,62400.0,0.0,,,,,,
16409,H3LIS100DL,159,1,,,,,,,,0,112,0,0.0,87360.0,0.0,,,,,,
16411,H3LIS100DL,160,1,,,,,,,,-1,96,0,-780.0,74880.0,0.0,,,,,,
16413,H3LIS100DL,161,1,,,,,,,,-1,80,0,-780.0,62400.0,0.0,,,,,,
16415,H3LIS100DL,162,1,,,,,,,,0,32,0,0.0,24960.0,0.0,,,,,,
16417,H3LIS100DL,163,1,,,,,,,,0,32,0,0.0,24960.0,0.0,,,,,,
16419,H3LIS100DL,164,1,,,,,,,,0,64,0,0.0,49920.0,0.0,,,,,,
16421,H3LIS100DL,165,1,,,,,,,,0,-16,-1,0.0,-12480.0,-780.0,,,,,,
16423,H3LIS100DL,166,1,,,,,,,,0,48,0,0.0,37440.0,0.0,,,,,,
16425,H3LIS100DL,167,1,,,,,,,,0,48,0,0.0,37440.0,0.0,,,,,,
16427,H3LIS100DL,168,1,,,,,,,,0,-16,-1,0.0,-12480.0,-780.0,,,,,,
16429,H3LIS100DL,169,1,,,,,,,,-1,-16,-1,-780.0,-12480.0,-780.0,,,,,,
16431,H3LIS100DL,170,1,,,,,,,,-1,-96,-1,-780.0,-74880.0,-780.0,,,,,,
16433,H3LIS100DL,171,1,,,,,,,,-1,16,0,-780.0,12480.0,0.0,,,,,,
16435,H3LIS100DL,172,1,,,,,,,,-1,80,0,-780.0,62400.0,0.0,,,,,,
16437,H3LIS100DL,173,1,,,,,,,,-1,-48,-1,-780.0,-37440.0,-780.0,,,,,,
16439,H3LIS100DL,174,1,,,,,,,,0,-48,-1,0.0,-37440.0,-780.0,,,,,,
16441,H3LIS100DL,175,1,,,,,,,,-1,32,0,-780.0,24960.0,0.0,,,,,,
16443,H3LIS100DL,176,1,,,,,,,,-1,64,0,-780.0,49920.0,0.0,,,,,,
16445,H3LIS100DL,177,1,,,,,,,,0,48,0,0.0,37440.0,0.0,,,,,,
16447,H3LIS100DL,178,1,,,,,,,,0,32,0,0.0,24960.0,0.0,,,,,,
16449,H3LIS100DL,179,1,,,,,,,,0,-112,0,0.0,-87360.0,0.0,,,,,,
16451,H3LIS100DL,180,1,,,,,,,,0,-112,0,0.0,-87360.0,0.0,,,,,,
16453,H3LIS100DL,181,1,,,,,,,,-1,-112,0,-780.0,-87360.0,0.0,,,,,,
16455,H3LIS100DL,182,1,,,,,,,,-1,-32,-1,-780.0,-24960.0,-780.0,,,,,,
16457,H3LIS100DL,183,1,,,,,,,,0,112,0,0.0,87360.0,0.0,,,,,,
16459,H3LIS100DL,184,1,,,,,,,,0,-16,-1,0.0,-12480.0,-780.0,,,,,,
16461,H3LIS100DL,185,1,,,,,,,,0,48,0,0.0,37440.0,0.0,,,,,,
16463,H3LIS100DL,186,1,,,,,,,,-1,48,0,-780.0,37440.0,0.0,,,,,,
16465,H3LIS100DL,187,1,,,,,,,,-1,96,0,-780.0,74880.0,0.0,,,,,,
16467,H3LIS100DL,188,1,,,,,,,,-1,64,0,-780.0,49920.0,0.0,,,,,,
16469,H3LIS100DL,189,1,,,,,,,,0,16,0,0.0,12480.0,0.0,,,,,,
16471,H3LIS100DL,190,1,,,,,,,,-1,48,0,-780.0,37440.0,0.0,,,,,,
16473,H3LIS100DL,191,1,,,,,,,,0,48,0,0.0,37440.0,0.0,,,,,,
16475,H3LIS100DL,192,1,,,,,,,,-1,48,0,-780.0,37440.0,0.0,,,,,,
16477,H3LIS100DL,193,1,,,,,,,,-1,16,0,-780.0,12480.0,0.0,,,,,,
16479,H3LIS100DL,194,1,,,,,,,,-1,48,0,-780.0,37440.0,0.0,,,,,,
16481,H3LIS100DL,195,1,,,,,,,,-1,-16,-1,-780.0,-12480.0,-780.0,,,,,,
16483,H3LIS100DL,196,1,,,,,,,,0,112,0,0.0,87360.0,0.0,,,,,,
16485,H3LIS100DL,197,1,,,,,,,,0,112,0,0.0,87360.0,0.0,,,,,,
16487,H3LIS100DL,198,1,,,,,,,,0,48,0,0.0,37440.0,0.0,,,,,,
16489,H3LIS100DL,199,1,,,,,,,,0,-16,-1,0.0,-12480.0,-780.0,,,,,,
16491,H3LIS100DL,200,1,,,,,,,,0,112,0,0.0,87360.0,0.0,,,,,,
16493,H3LIS100DL,201,1,,,,,,,,-1,-64,-1,-780.0,-49920.0,-780.0,,,,,,
16495,H3LIS100DL,202,1,,,,,,,,-1,-80,0,-780.0,-62400.0,0.0,,,,,,
16497,H3LIS100DL,203,1,,,,,,,,-1,-80,0,-780.0,-62400.0,0.0,,,,,,
16499,H3LIS100DL,204,1,,,,,,,,-1,96,0,-780.0,74880.0,0.0,,,,,,
16501,H3LIS100DL,205,1,,,,,,,,0,32,0,0.0,24960.0,0.0,,,,,,
16503,H3LIS100DL,206,1,,,,,,,,0,16,0,0.0,12480.0,0.0,,,,,,
16505,H3LIS100DL,207,1,,,,,,,,0,112,0,0.0,87360.0,0.0,,,,,,
16507,H3LIS100DL,208,1,,,,,,,,0,64,0,0.0,49920.0,0.0,,,,,,
16509,H3LIS100DL,209,1,,,,,,,,0,64,0,0.0,49920.0,0.0,,,,,,
16511,H3LIS100DL,210,1,,,,,,,,0,80,0,0.0,62400.0,0.0,,,,,,
16513,H3LIS100DL,211,1,,,,,,,,0,-16,-1,0.0,-12480.0,-780.0,,,,,,
16515,H3LIS100DL,212,1,,,,,,,,-1,64,0,-780.0,49920.0,0.0,,,,,,
16517,H3LIS100DL,213,1,,,,,,,,0,64,0,0.0,49920.0,0.0,,,,,,
16519,H3LIS100DL,214,1,,,,,,,,-1,64,0,-780.0,49920.0,0.0,,,,,,
16521,H3LIS100DL,215,1,,,,,,,,-1,-48,-1,-780.0,-37440.0,-780.0,,,,,,
16523,H3LIS100DL,216,1,,,,,,,,-1,16,0,-780.0,12480.0,0.0,,,,,,
16525,H3LIS100DL,217,1,,,,,,,,0,64,0,0.0,49920.0,0.0,,,,,,
16527,H3LIS100DL,218,1,,,,,,,,0,-64,-1,0.0,-49920.0,-780.0,,,,,,
16529,H3LIS100DL,219,1,,,,,,,,0,80,0,0.0,62400.0,0.0,,,,,,
16531,H3LIS100DL,220,1,,,,,,,,-1,80,0,-780.0,62400.0,0.0,,,,,,
16533,H3LIS100DL,221,1,,,,,,,,-1,64,0,-780.0,49920.0,0.0,,,,,,
16535,H3LIS100DL,222,1,,,,,,,,0,-64,0,0.0,-49920.0,0.0,,,,,,
16537,H3LIS100DL,223,1,,,,,,,,0,-112,0,0.0,-87360.0,0.0,,,,,,
16539,H3LIS100DL,224,1,,,,,,,,0,-112,-1,0.0,-87360.0,-780.0,,,,,,
16541,H3LIS100DL,225,1,,,,,,,,0,16,0,0.0,12480.0,0.0,,,,,,
16543,H3LIS100DL,226,1,,,,,,,,0,16,0,0.0,12480.0,0.0,,,,,,
16545,H3LIS100DL,227,1,,,,,,,,0,32,0,0.0,24960.0,0.0,,,,,,
16547,H3LIS100DL,228,1,,,,,,,,-1,16,0,-780.0,12480.0,0.0,,,,,,
16549,H3LIS100DL,229,1,,,,,,,,-1,64,0,-780.0,49920.0,0.0,,,,,,
16551,H3LIS100DL,230,1,,,,,,,,-1,-32,-1,-780.0,-24960.0,-780.0,,,,,,
16553,H3LIS100DL,231,1,,,,,,,,-1,-32,-1,-780.0,-24960.0,-780.0,,,,,,
16555,H3LIS100DL,232,1,,,,,,,,-1,-128,0,-780.0,-99840.0,0.0,,,,,,
16557,H3LIS100DL,233,1,,,,,,,,-1,-128,0,-780.0,-99840.0,0.0,,,,,,
16559,H3LIS100DL,234,1,,,,,,,,0,96,0,0.0,74880.0,0.0,,,,,,
16561,H3LIS100DL,235,1,,,,,,,,0,96,0,0.0,74880.0,0.0,,,,,,
16563,H3LIS100DL,236,1,,,,,,,,0,48,0,0.0,37440.0,0.0,,,,,,
16565,H3LIS100DL,237,1,,,,,,,,0,48,0,0.0,37440.0,0.0,,,,,,
16567,H3LIS100DL,238,1,,,,,,,,0,0,0,0.0,0.0,0.0,,,,,,
16569,H3LIS100DL,239,1,,,,,,,,0,80,0,0.0,62400.0,0.0,,,,,,
16571,H3LIS100DL,240,1,,,,,,,,-1,-16,-1,-780.0,-12480.0,-780.0,,,,,,
16573,H3LIS100DL,241,1,,,,,,,,0,16,0,0.0,12480.0,0.0,,,,,,
16575,H3LIS100DL,242,1,,,,,,,,-1,80,0,-780.0,62400.0,0.0,,,,,,
16577,H3LIS100DL,243,1,,,,,,,,0,80,0,0.0,62400.0,0.0,,,,,,
16579,H3LIS100DL,244,1,,,,,,,,0,112,0,0.0,87360.0,0.0,,,,,,
16581,H3LIS100DL,245,1,,,,,,,,-1,64,0,-780.0,49920.0,0.0,,,,,,
16583,H3LIS100DL,246,1,,,,,,,,0,-96,-1,0.0,-74880.0,-780.0,,,,,,
16585,H3LIS100DL,247,1,,,,,,,,-1,-48,-1,-780.0,-37440.0,-780.0,,,,,,
16587,H3LIS100DL,248,1,,,,,,,,0,32,0,0.0,24960.0,0.0,,,,,,
16589,H3LIS100DL,249,1,,,,,,,,-1,32,0,-780.0,24960.0,0.0,,,,,,
16591,H3LIS100DL,250,1,,,,,,,,-1,-16,-1,-780.0,-12480.0,-780.0,,,,,,
16593,H3LIS100DL,251,1,,,,,,,,0,112,0,0.0,87360.0,0.0,,,,,,
16595,H3LIS100DL,252,1,,,,,,,,-1,-80,0,-780.0,-62400.0,0.0,,,,,,
16597,H3LIS100DL,253,1,,,,,,,,-1,96,0,-780.0,74880.0,0.0,,,,,,
16599,H3LIS100DL,254,1,,,,,,,,0,96,0,0.0,74880.0,0.0,,,,,,
16601,H3LIS100DL,255,1,,,,,,,,0,48,0,0.0,37440.0,0.0,,,,,,
16603,H3LIS100DL,256,1,,,,,,,,0,-48,-1,0.0,-37440.0,-780.0,,,,,,
16090,QMA6100P,1,1,,,,,,,,,,,,,,,-131,410,2139,-64.0,200.2,1044.4
16092,QMA6100P,2,1,,,,,,,,,,,,,,,-162,448,1897,-79.1,218.8,926.3
16094,QMA6100P,3,1,,,,,,,,,,,,,,,-124,386,2182,-60.5,188.5,1065.4
16096,QMA6100P,4,1,,,,,,,,,,,,,,,-85,485,2044,-41.5,236.8,998.0
16098,QMA6100P,5,1,,,,,,,,,,,,,,,-139,494,2035,-67.9,241.2,993.7
16100,QMA6100P,6,1,,,,,,,,,,,,,,,-201,373,2156,-98.1,182.1,1052.7
16102,QMA6100P,7,1,,,,,,,,,,,,,,,-217,442,2044,-106.0,215.8,998.0
16104,QMA6100P,8,1,,,,,,,,,,,,,,,-155,456,2070,-75.7,222.7,1010.7
16106,QMA6100P,9,1,,,,,,,,,,,,,,,-124,371,2104,-60.5,181.2,1027.3
16108,QMA6100P,10,1,,,,,,,,,,,,,,,-217,404,2121,-106.0,197.3,1035.6
16110,QMA6100P,11,1,,,,,,,,,,,,,,,-116,478,2173,-56.6,233.4,1061.0
16112,QMA6100P,12,1,,,,,,,,,,,,,,,-46,477,2130,-22.5,232.9,1040.0
16114,QMA6100P,13,1,,,,,,,,,,,,,,,-85,493,2044,-41.5,240.7,998.0
16116,QMA6100P,14,1,,,,,,,,,,,,,,,-217,335,2035,-106.0,163.6,993.7
16118,QMA6100P,15,1,,,,,,,,,,,,,,,-240,320,2139,-117.2,156.3,1044.4
16120,QMA6100P,16,1,,,,,,,,,,,,,,,-186,433,2104,-90.8,211.4,1027.3
16122,QMA6100P,17,1,,,,,,,,,,,,,,,-155,418,2147,-75.7,204.1,1048.3
16124,QMA6100P,18,1,,,,,,,,,,,,,,,-186,433,2164,-90.8,211.4,1056.6
16126,QMA6100P,19,1,,,,,,,,,,,,,,,-108,371,2070,-52.7,181.2,1010.7
16128,QMA6100P,20,1,,,,,,,,,,,,,,,-93,402,2277,-45.4,196.3,1111.8
16130,QMA6100P,21,1,,,,,,,,,,,,,,,-201,449,2087,-98.1,219.2,1019.0
16132,QMA6100P,22,1,,,,,,,,,,,,,,,-155,372,2190,-75.7,181.6,1069.3
16134,QMA6100P,23,1,,,,,,,,,,,,,,,-186,327,1992,-90.8,159.7,972.7
16136,QMA6100P,24,1,,,,,,,,,,,,,,,-240,449,2130,-117.2,219.2,1040.0
16138,QMA6100P,25,1,,,,,,,,,,,,,,,-186,403,2104,-90.8,196.8,1027.3
16140,QMA6100P,26,1,,,,,,,,,,,,,,,-170,418,2164,-83.0,204.1,1056.6
16142,QMA6100P,27,1,,,,,,,,,,,,,,,-193,328,2121,-94.2,160.2,1035.6
16144,QMA6100P,28,1,,,,,,,,,,,,,,,-147,403,2190,-71.8,196.8,1069.3
16146,QMA6100P,29,1,,,,,,,,,,,,,,,-155,448,2130,-75.7,218.8,1040.0
16148,QMA6100P,30,1,,,,,,,,,,,,,,,-131,479,2130,-64.0,233.9,1040.0
16150,QMA6100P,31,1,,,,,,,,,,,,,,,-108,402,2044,-52.7,196.3,998.0
16152,QMA6100P,32,1,,,,,,,,,,,,,,,-209,388,2070,-102.1,189.5,1010.7
16154,QMA6100P,33,1,,,,,,,,,,,,,,,-139,433,2199,-67.9,211.4,1073.7
16156,QMA6100P,34,1,,,,,,,,,,,,,,,-178,418,2078,-86.9,204.1,1014.6
16158,QMA6100P,35,1,,,,,,,,,,,,,,,-186,464,2026,-90.8,226.6,989.3
16160,QMA6100P,36,1,,,,,,,,,,,,,,,-224,396,2018,-109.4,193.4,985.4
16162,QMA6100P,37,1,,,,,,,,,,,,,,,-224,419,2225,-109.4,204.6,1086.4
16164,QMA6100P,38,1,,,,,,,,,,,,,,,-162,448,2130,-79.1,218.8,1040.0
16166,QMA6100P,39,1,,,,,,,,,,,,,,,-232,449,2190,-113.3,219.2,1069.3
16168,QMA6100P,40,1,,,,,,,,,,,,,,,-108,432,2087,-52.7,210.9,1019.0
16170,QMA6100P,41,1,,,,,,,,,,,,,,,-209,480,2121,-102.1,234.4,1035.6
16172,QMA6100P,42,1,,,,,,,,,,,,,,,-93,485,2104,-45.4,236.8,1027.3
16174,QMA6100P,43,1,,,,,,,,,,,,,,,-193,510,2113,-94.2,249.0,1031.7
16176,QMA6100P,44,1,,,,,,,,,,,,,,,-108,402,2190,-52.7,196.3,1069.3
16178,QMA6100P,45,1,,,,,,,,,,,,,,,-116,371,2044,-56.6,181.2,998.0
16180,QMA6100P,46,1,,,,,,,,,,,,,,,-217,495,2164,-106.0,241.7,1056.6
16182,QMA6100P,47,1,,,,,,,,,,,,,,,-116,447,2052,-56.6,218.3,1002.0
16184,QMA6100P,48,1,,,,,,,,,,,,,,,-139,403,2078,-67.9,196.8,1014.6
16186,QMA6100P,49,1,,,,,,,,,,,,,,,-240,411,2121,-117.2,200.7,1035.6
16188,QMA6100P,50,1,,,,,,,,,,,,,,,-108,440,2156,-52.7,214.8,1052.7
16190,QMA6100P,51,1,,,,,,,,,,,,,,,-193,427,2121,-94.2,208.5,1035.6
16192,QMA6100P,52,1,,,,,,,,,,,,,,,-178,464,2087,-86.9,226.6,1019.0
16194,QMA6100P,53,1,,,,,,,,,,,,,,,-93,402,2078,-45.4,196.3,1014.6
16196,QMA6100P,54,1,,,,,,,,,,,,,,,-217,465,2018,-106.0,227.1,985.4
16198,QMA6100P,55,1,,,,,,,,,,,,,,,-139,418,2035,-67.9,204.1,993.7
16200,QMA6100P,56,1,,,,,,,,,,,,,,,-240,373,2225,-117.2,182.1,1086.4
16202,QMA6100P,57,1,,,,,,,,,,,,,,,-147,395,2070,-71.8,192.9,1010.7
16204,QMA6100P,58,1,,,,,,,,,,,,,,,-170,418,2078,-83.0,204.1,1014.6
16206,QMA6100P,59,1,,,,,,,,,,,,,,,-108,379,2035,-52.7,185.1,993.7
16208,QMA6100P,60,1,,,,,,,,,,,,,,,-139,433,2070,-67.9,211.4,1010.7
16210,QMA6100P,61,1,,,,,,,,,,,,,,,-170,418,2070,-83.0,204.1,1010.7
16212,QMA6100P,62,1,,,,,,,,,,,,,,,-131,387,2121,-64.0,189.0,1035.6
16214,QMA6100P,63,1,,,,,,,,,,,,,,,-124,348,2139,-60.5,169.9,1044.4
16216,QMA6100P,64,1,,,,,,,,,,,,,,,-139,448,2052,-67.9,218.8,1002.0
16218,QMA6100P,65,1,,,,,,,,,,,,,,,-263,389,2052,-128.4,189.9,1002.0
16220,QMA6100P,66,1,,,,,,,,,,,,,,,-186,494,2147,-90.8,241.2,1048.3
16222,QMA6100P,67,1,,,,,,,,,,,,,,,-124,478,2139,-60.5,233.4,1044.4
16224,QMA6100P,68,1,,,,,,,,,,,,,,,-162,433,2061,-79.1,211.4,1006.3
16226,QMA6100P,69,1,,,,,,,,,,,,,,,-178,456,2035,-86.9,222.7,993.7
16228,QMA6100P,70,1,,,,,,,,,,,,,,,-186,448,2139,-90.8,218.8,1044.4
16230,QMA6100P,71,1,,,,,,,,,,,,,,,-186,448,2018,-90.8,218.8,985.4
16232,QMA6100P,72,1,,,,,,,,,,,,,,,-124,455,2156,-60.5,222.2,1052.7
16234,QMA6100P,73,1,,,,,,,,,,,,,,,-46,431,2104,-22.5,210.4,1027.3
16236,QMA6100P,74,1,,,,,,,,,,,,,,,-217,358,2259,-106.0,174.8,1103.0
16238,QMA6100P,75,1,,,,,,,,,,,,,,,-178,464,2087,-86.9,226.6,1019.0
16240,QMA6100P,76,1,,,,,,,,,,,,,,,-170,486,2104,-83.0,237.3,1027.3
16242,QMA6100P,77,1,,,,,,,,,,,,,,,-162,426,2070,-79.1,208.0,1010.7
16244,QMA6100P,78,1,,,,,,,,,,,,,,,-209,396,2104,-102.1,193.4,1027.3
16246,QMA6100P,79,1,,,,,,,,,,,,,,,-170,456,2035,-83.0,222.7,993.7
16248,QMA6100P,80,1,,,,,,,,,,,,,,,-69,386,2113,-33.7,188.5,1031.7
16250,QMA6100P,81,1,,,,,,,,,,,,,,,-162,448,2035,-79.1,218.8,993.7
16252,QMA6100P,82,1,,,,,,,,,,,,,,,-170,418,2087,-83.0,204.1,1019.0
16254,QMA6100P,83,1,,,,,,,,,,,,,,,-294,359,2018,-143.6,175.3,985.4
16256,QMA6100P,84,1,,,,,,,,,,,,,,,-217,449,2078,-106.0,219.2,1014.6
16258,QMA6100P,85,1,,,,,,,,,,,,,,,-248,465,2104,-121.1,227.1,1027.3
16260,QMA6100P,86,1,,,,,,,,,,,,,,,-178,433,2139,-86.9,211.4,1044.4
16262,QMA6100P,87,1,,,,,,,,,,,,,,,-155,395,2078,-75.7,192.9,1014.6
16264,QMA6100P,88,1,,,,,,,,,,,,,,,-46,439,2070,-22.5,214.4,1010.7
16266,QMA6100P,89,1,,,,,,,,,,,,,,,-217,373,2113,-106.0,182.1,1031.7
16268,QMA6100P,90,1,,,,,,,,,,,,,,,-155,372,2104,-75.7,181.6,1027.3
16270,QMA6100P,91,1,,,,,,,,,,,,,,,-139,403,2121,-67.9,196.8,1035.6
16272,QMA6100P,92,1,,,,,,,,,,,,,,,-170,418,2199,-83.0,204.1,1073.7
16274,QMA6100P,93,1,,,,,,,,,,,,,,,-170,433,2052,-83.0,211.4,1002.0
16276,QMA6100P,94,1,,,,,,,,,,,,,,,-124,501,2095,-60.5,244.6,1022.9
16278,QMA6100P,95,1,,,,,,,,,,,,,,,-155,410,2139,-75.7,200.2,1044.4
16280,QMA6100P,96,1,,,,,,,,,,,,,,,-170,403,2035,-83.0,196.8,993.7
16282,QMA6100P,97,1,,,,,,,,,,,,,,,-170,357,2087,-83.0,174.3,1019.0
16284,QMA6100P,98,1,,,,,,,,,,,,,,,-155,426,2104,-75.7,208.0,1027.3
16286,QMA6100P,99,1,,,,,,,,,,,,,,,-85,470,2130,-41.5,229.5,1040.0
16288,QMA6100P,100,1,,,,,,,,,,,,,,,-69,371,2095,-33.7,181.2,1022.9
16290,QMA6100P,101,1,,,,,,,,,,,,,,,-186,387,2164,-90.8,189.0,1056.6
16292,QMA6100P,102,1,,,,,,,,,,,,,,,-62,462,2139,-30.3,225.6,1044.4
16294,QMA6100P,103,1,,,,,,,,,,,,,,,-100,432,2121,-48.8,210.9,1035.6
16296,QMA6100P,104,1,,,,,,,,,,,,,,,-170,486,2182,-83.0,237.3,1065.4
16298,QMA6100P,105,1,,,,,,,,,,,,,,,-54,507,2139,-26.4,247.6,1044.4
16300,QMA6100P,106,1,,,,,,,,,,,,,,,-108,546,2147,-52.7,266.6,1048.3
16302,QMA6100P,107,1,,,,,,,,,,,,,,,-162,441,2156,-79.1,215.3,1052.7
16304,QMA6100P,108,1,,,,,,,,,,,,,,,-100,524,2087,-48.8,255.9,1019.0
16306,QMA6100P,109,1,,,,,,,,,,,,,,,-263,488,2061,-128.4,238.3,1006.3
16308,QMA6100P,110,1,,,,,,,,,,,,,,,-162,433,2121,-79.1,211.4,1035.6
16310,QMA6100P,111,1,,,,,,,,,,,,,,,-124,493,2121,-60.5,240.7,1035.6
16312,QMA6100P,112,1,,,,,,,,,,,,,,,-38,385,2147,-18.6,188.0,1048.3
16314,QMA6100P,113,1,,,,,,,,,,,,,,,-108,463,2113,-52.7,226.1,1031.7
16316,QMA6100P,114,1,,,,,,,,,,,,,,,-139,433,2113,-67.9,211.4,1031.7
16318,QMA6100P,115,1,,,,,,,,,,,,,,,-108,432,2052,-52.7,210.9,1002.0
16320,QMA6100P,116,1,,,,,,,,,,,,,,,-217,449,2078,-106.0,219.2,1014.6
16322,QMA6100P,117,1,,,,,,,,,,,,,,,-147,357,2061,-71.8,174.3,1006.3
16324,QMA6100P,118,1,,,,,,,,,,,,,,,-178,464,2070,-86.9,226.6,1010.7
16326,QMA6100P,119,1,,,,,,,,,,,,,,,-186,433,2044,-90.8,211.4,998.0
16328,QMA6100P,120,1,,,,,,,,,,,,,,,-193,404,2018,-94.2,197.3,985.4
16330,QMA6100P,121,1,,,,,,,,,,,,,,,-108,402,2035,-52.7,196.3,993.7
16332,QMA6100P,122,1,,,,,,,,,,,,,,,-263,519,2009,-128.4,253.4,981.0
16334,QMA6100P,123,1,,,,,,,,,,,,,,,-217,419,2104,-106.0,204.6,1027.3
16336,QMA6100P,124,1,,,,,,,,,,,,,,,-131,418,2113,-64.0,204.1,1031.7
16338,QMA6100P,125,1,,,,,,,,,,,,,,,-162,403,2052,-79.1,196.8,1002.0
16340,QMA6100P,126,1,,,,,,,,,,,,,,,-217,396,2173,-106.0,193.4,1061.0
16342,QMA6100P,127,1,,,,,,,,,,,,,,,-201,411,1992,-98.1,200.7,972.7
16344,QMA6100P,128,1,,,,,,,,,,,,,,,-155,426,2190,-75.7,208.0,1069.3
16346,QMA6100P,129,1,,,,,,,,,,,,,,,-186,357,2130,-90.8,174.3,1040.0
16348,QMA6100P,130,1,,,,,,,,,,,,,,,-170,403,2216,-83.0,196.8,1082.0
16350,QMA6100P,131,1,,,,,,,,,,,,,,,-147,456,2277,-71.8,222.7,1111.8
16352,QMA6100P,132,1,,,,,,,,,,,,,,,-139,395,2104,-67.9,192.9,1027.3
16354,QMA6100P,133,1,,,,,,,,,,,,,,,-69,402,2173,-33.7,196.3,1061.0
16356,QMA6100P,134,1,,,,,,,,,,,,,,,-108,440,2104,-52.7,214.8,1027.3
16358,QMA6100P,135,1,,,,,,,,,,,,,,,-162,486,2208,-79.1,237.3,1078.1
16360,QMA6100P,136,1,,,,,,,,,,,,,,,-93,425,2156,-45.4,207.5,1052.7
16362,QMA6100P,137,1,,,,,,,,,,,,,,,-186,448,2130,-90.8,218.8,1040.0
16364,QMA6100P,138,1,,,,,,,,,,,,,,,-155,418,2095,-75.7,204.1,1022.9
16366,QMA6100P,139,1,,,,,,,,,,,,,,,-124,371,2104,-60.5,181.2,1027.3
16368,QMA6100P,140,1,,,,,,,,,,,,,,,-124,394,2156,-60.5,192.4,1052.7
16370,QMA6100P,141,1,,,,,,,,,,,,,,,-155,471,2078,-75.7,230.0,1014.6
16372,QMA6100P,142,1,,,,,,,,,,,,,,,-124,432,2061,-60.5,210.9,1006.3
16374,QMA6100P,143,1,,,,,,,,,,,,,,,-139,464,2139,-67.9,226.6,1044.4
16376,QMA6100P,144,1,,,,,,,,,,,,,,,-170,372,2035,-83.0,181.6,993.7
16378,QMA6100P,145,1,,,,,,,,,,,,,,,-224,388,2156,-109.4,189.5,1052.7
16380,QMA6100P,146,1,,,,,,,,,,,,,,,-155,433,2121,-75.7,211.4,1035.6
16382,QMA6100P,147,1,,,,,,,,,,,,,,,-139,433,2182,-67.9,211.4,1065.4
16384,QMA6100P,148,1,,,,,,,,,,,,,,,-139,494,2139,-67.9,241.2,1044.4
16386,QMA6100P,149,1,,,,,,,,,,,,,,,-77,417,2121,-37.6,203.6,1035.6
16388,QMA6100P,150,1,,,,,,,,,,,,,,,-131,380,2044,-64.0,185.5,998.0
16390,QMA6100P,151,1,,,,,,,,,,,,,,,-294,374,2026,-143.6,182.6,989.3
16392,QMA6100P,152,1,,,,,,,,,,,,,,,-131,395,2147,-64.0,192.9,1048.3
16394,QMA6100P,153,1,,,,,,,,,,,,,,,-178,403,2121,-86.9,196.8,1035.6
16396,QMA6100P,154,1,,,,,,,,,,,,,,,-186,410,2035,-90.8,200.2,993.7
16398,QMA6100P,155,1,,,,,,,,,,,,,,,-108,432,2139,-52.7,210.9,1044.4
16400,QMA6100P,156,1,,,,,,,,,,,,,,,-108,524,2130,-52.7,255.9,1040.0
16402,QMA6100P,157,1,,,,,,,,,,,,,,,-155,418,2001,-75.7,204.1,977.1
16404,QMA6100P,158,1,,,,,,,,,,,,,,,-139,426,2147,-67.9,208.0,1048.3
16406,QMA6100P,159,1,,,,,,,,,,,,,,,-147,471,2121,-71.8,230.0,1035.6
16408,QMA6100P,160,1,,,,,,,,,,,,,,,-170,342,2044,-83.0,167.0,998.0
16410,QMA6100P,161,1,,,,,,,,,,,,,,,-131,479,2216,-64.0,233.9,1082.0
16412,QMA6100P,162,1,,,,,,,,,,,,,,,-147,433,2113,-71.8,211.4,1031.7
16414,QMA6100P,163,1,,,,,,,,,,,,,,,-232,335,2009,-113.3,163.6,981.0
16416,QMA6100P,164,1,,,,,,,,,,,,,,,-193,404,2121,-94.2,197.3,1035.6
16418,QMA6100P,165,1,,,,,,,,,,,,,,,-85,386,2052,-41.5,188.5,1002.0
16420,QMA6100P,166,1,,,,,,,,,,,,,,,-263,466,2087,-128.4,227.5,1019.0
16422,QMA6100P,167,1,,,,,,,,,,,,,,,-224,427,2139,-109.4,208.5,1044.4
16424,QMA6100P,168,1,,,,,,,,,,,,,,,-170,448,2156,-83.0,218.8,1052.7
16426,QMA6100P,169,1,,,,,,,,,,,,,,,-186,410,2139,-90.8,200.2,1044.4
16428,QMA6100P,170,1,,,,,,,,,,,,,,,-186,365,1975,-90.8,178.2,964.4
16430,QMA6100P,171,1,,,,,,,,,,,,,,,-170,426,2147,-83.0,208.0,1048.3
16432,QMA6100P,172,1,,,,,,,,,,,,,,,-108,425,2156,-52.7,207.5,1052.7
16434,QMA6100P,173,1,,,,,,,,,,,,,,,-54,416,2052,-26.4,203.1,1002.0
16436,QMA6100P,174,1,,,,,,,,,,,,,,,-186,403,2156,-90.8,196.8,1052.7
16438,QMA6100P,175,1,,,,,,,,,,,,,,,-147,387,2095,-71.8,189.0,1022.9
16440,QMA6100P,176,1,,,,,,,,,,,,,,,-31,500,2095,-15.1,244.1,1022.9
16442,QMA6100P,177,1,,,,,,,,,,,,,,,-186,456,2121,-90.8,222.7,1035.6
16444,QMA6100P,178,1,,,,,,,,,,,,,,,-162,479,2009,-79.1,233.9,981.0
16446,QMA6100P,179,1,,,,,,,,,,,,,,,-201,449,2139,-98.1,219.2,1044.4
16448,QMA6100P,180,1,,,,,,,,,,,,,,,-77,485,2035,-37.6,236.8,993.7
16450,QMA6100P,181,1,,,,,,,,,,,,,,,-124,425,2121,-60.5,207.5,1035.6
16452,QMA6100P,182,1,,,,,,,,,,,,,,,-170,372,2139,-83.0,181.6,1044.4
16454,QMA6100P,183,1,,,,,,,,,,,,,,,-139,433,2078,-67.9,211.4,1014.6
16456,QMA6100P,184,1,,,,,,,,,,,,,,,-100,417,2190,-48.8,203.6,1069.3
16458,QMA6100P,185,1,,,,,,,,,,,,,,,-170,387,2078,-83.0,189.0,1014.6
16460,QMA6100P,186,1,,,,,,,,,,,,,,,-201,381,2225,-98.1,186.0,1086.4
16462,QMA6100P,187,1,,,,,,,,,,,,,,,-85,432,2104,-41.5,210.9,1027.3
16464,QMA6100P,188,1,,,,,,,,,,,,,,,-240,480,2121,-117.2,234.4,1035.6
16466,QMA6100P,189,1,,,,,,,,,,,,,,,-139,494,2087,-67.9,241.2,1019.0
16468,QMA6100P,190,1,,,,,,,,,,,,,,,-201,388,2164,-98.1,189.5,1056.6
16470,QMA6100P,191,1,,,,,,,,,,,,,,,-62,416,2070,-30.3,203.1,1010.7
16472,QMA6100P,192,1,,,,,,,,,,,,,,,-193,404,2052,-94.2,197.3,1002.0
16474,QMA6100P,193,1,,,,,,,,,,,,,,,-186,433,2018,-90.8,211.4,985.4
16476,QMA6100P,194,1,,,,,,,,,,,,,,,-248,297,2104,-121.1,145.0,1027.3
16478,QMA6100P,195,1,,,,,,,,,,,,,,,-193,442,2044,-94.2,215.8,998.0
16480,QMA6100P,196,1,,,,,,,,,,,,,,,-170,403,2139,-83.0,196.8,1044.4
16482,QMA6100P,197,1,,,,,,,,,,,,,,,-186,464,2061,-90.8,226.6,1006.3
16484,QMA6100P,198,1,,,,,,,,,,,,,,,-124,402,2001,-60.5,196.3,977.1
16486,QMA6100P,199,1,,,,,,,,,,,,,,,-85,470,2190,-41.5,229.5,1069.3
16488,QMA6100P,200,1,,,,,,,,,,,,,,,-77,432,2078,-37.6,210.9,1014.6
16490,QMA6100P,201,1,,,,,,,,,,,,,,,-108,447,2139,-52.7,218.3,1044.4
16492,QMA6100P,202,1,,,,,,,,,,,,,,,-124,394,2070,-60.5,192.4,1010.7
16494,QMA6100P,203,1,,,,,,,,,,,,,,,-162,288,2216,-79.1,140.6,1082.0
16496,QMA6100P,204,1,,,,,,,,,,,,,,,-147,464,2104,-71.8,226.6,1027.3
16498,QMA6100P,205,1,,,,,,,,,,,,,,,-186,372,2070,-90.8,181.6,1010.7
16500,QMA6100P,206,1,,,,,,,,,,,,,,,-116,440,2130,-56.6,214.8,1040.0
16502,QMA6100P,207,1,,,,,,,,,,,,,,,-46,515,2173,-22.5,251.5,1061.0
16504,QMA6100P,208,1,,,,,,,,,,,,,,,-178,441,2113,-86.9,215.3,1031.7
16506,QMA6100P,209,1,,,,,,,,,,,,,,,-186,372,2156,-90.8,181.6,1052.7
16508,QMA6100P,210,1,,,,,,,,,,,,,,,-178,433,2026,-86.9,211.4,989.3
16510,QMA6100P,211,1,,,,,,,,,,,,,,,-170,479,2147,-83.0,233.9,1048.3
16512,QMA6100P,212,1,,,,,,,,,,,,,,,-139,403,2078,-67.9,196.8,1014.6
16514,QMA6100P,213,1,,,,,,,,,,,,,,,-46,462,2164,-22.5,225.6,1056.6
16516,QMA6100P,214,1,,,,,,,,,,,,,,,-178,426,2035,-86.9,208.0,993.7
16518,QMA6100P,215,1,,,,,,,,,,,,,,,-131,441,2164,-64.0,215.3,1056.6
16520,QMA6100P,216,1,,,,,,,,,,,,,,,-232,411,2087,-113.3,200.7,1019.0
16522,QMA6100P,217,1,,,,,,,,,,,,,,,-93,417,2026,-45.4,203.6,989.3
16524,QMA6100P,218,1,,,,,,,,,,,,,,,-124,524,2190,-60.5,255.9,1069.3
16526,QMA6100P,219,1,,,,,,,,,,,,,,,-124,432,2173,-60.5,210.9,1061.0
16528,QMA6100P,220,1,,,,,,,,,,,,,,,-147,426,2035,-71.8,208.0,993.7
16530,QMA6100P,221,1,,,,,,,,,,,,,,,-248,404,2121,-121.1,197.3,1035.6
16532,QMA6100P,222,1,,,,,,,,,,,,,,,-139,448,2078,-67.9,218.8,1014.6
16534,QMA6100P,223,1,,,,,,,,,,,,,,,-217,449,2087,-106.0,219.2,1019.0
16536,QMA6100P,224,1,,,,,,,,,,,,,,,-209,388,2104,-102.1,189.5,1027.3
16538,QMA6100P,225,1,,,,,,,,,,,,,,,-224,366,2113,-109.4,178.7,1031.7
16540,QMA6100P,226,1,,,,,,,,,,,,,,,-139,494,2147,-67.9,241.2,1048.3
16542,QMA6100P,227,1,,,,,,,,,,,,,,,-170,403,2087,-83.0,196.8,1019.0
16544,QMA6100P,228,1,,,,,,,,,,,,,,,-209,358,2035,-102.1,174.8,993.7
16546,QMA6100P,229,1,,,,,,,,,,,,,,,-193,472,2121,-94.2,230.5,1035.6
16548,QMA6100P,230,1,,,,,,,,,,,,,,,-116,356,2061,-56.6,173.8,1006.3
16550,QMA6100P,231,1,,,,,,,,,,,,,,,-139,418,2147,-67.9,204.1,1048.3
16552,QMA6100P,232,1,,,,,,,,,,,,,,,-217,503,2104,-106.0,245.6,1027.3
16554,QMA6100P,233,1,,,,,,,,,,,,,,,-62,462,2104,-30.3,225.6,1027.3
16556,QMA6100P,234,1,,,,,,,,,,,,,,,-124,425,2156,-60.5,207.5,1052.7
16558,QMA6100P,235,1,,,,,,,,,,,,,,,-248,480,2095,-121.1,234.4,1022.9
16560,QMA6100P,236,1,,,,,,,,,,,,,,,-186,387,2087,-90.8,189.0,1019.0
16562,QMA6100P,237,1,,,,,,,,,,,,,,,-155,448,1983,-75.7,218.8,968.3
16564,QMA6100P,238,1,,,,,,,,,,,,,,,-116,501,1992,-56.6,244.6,972.7
16566,QMA6100P,239,1,,,,,,,,,,,,,,,-139,410,2121,-67.9,200.2,1035.6
16568,QMA6100P,240,1,,,,,,,,,,,,,,,-155,395,2130,-75.7,192.9,1040.0
16570,QMA6100P,241,1,,,,,,,,,,,,,,,-256,450,2070,-125.0,219.7,1010.7
16572,QMA6100P,242,1,,,,,,,,,,,,,,,-116,425,2251,-56.6,207.5,1099.1
16574,QMA6100P,243,1,,,,,,,,,,,,,,,-193,419,2087,-94.2,204.6,1019.0
16576,QMA6100P,244,1,,,,,,,,,,,,,,,-201,503,2052,-98.1,245.6,1002.0
16578,QMA6100P,245,1,,,,,,,,,,,,,,,-217,434,2070,-106.0,211.9,1010.7
16580,QMA6100P,246,1,,,,,,,,,,,,,,,-116,447,2130,-56.6,218.3,1040.0
16582,QMA6100P,247,1,,,,,,,,,,,,,,,-31,378,2035,-15.1,184.6,993.7
16584,QMA6100P,248,1,,,,,,,,,,,,,,,-69,440,2164,-33.7,214.8,1056.6
16586,QMA6100P,249,1,,,,,,,,,,,,,,,-116,478,2104,-56.6,233.4,1027.3
16588,QMA6100P,250,1,,,,,,,,,,,,,,,-186,387,2044,-90.8,189.0,998.0
16590,QMA6100P,251,1,,,,,,,,,,,,,,,-186,433,2147,-90.8,211.4,1048.3
16592,QMA6100P,252,1,,,,,,,,,,,,,,,-116,440,2216,-56.6,214.8,1082.0
16594,QMA6100P,253,1,,,,,,,,,,,,,,,-139,418,2052,-67.9,204.1,1002.0
16596,QMA6100P,254,1,,,,,,,,,,,,,,,-124,447,2190,-60.5,218.3,1069.3
16598,QMA6100P,255,1,,,,,,,,,,,,,,,-108,371,2121,-52.7,181.2,1035.6
16600,QMA6100P,256,1,,,,,,,,,,,,,,,-201,427,2121,-98.1,208.5,1035.6
